{"TiempoSleep": 5, "MaxIteraciones": 5}
{"Iteracion": 1, "PuntosX": [1.4131120443344116, 1.41301429271698, 1.4237377643585205, 1.5444202423095703, 1.540249228477478, 1.5488955974578857, 1.5738871097564697, 1.156378984451294, 1.1259080171585083, 1.1229349374771118, 1.1199991703033447, 1.118247151374817, 1.1265525817871094, 1.1349222660064697, 1.143358826637268, 1.1557769775390625, 1.1866846084594727, 1.8287891149520874, 1.8525111675262451, 1.8853590488433838, 1.2158735990524292, 1.184946060180664, 1.1749393939971924, 1.1723244190216064, 1.1697338819503784, 1.1671665906906128, 1.1751734018325806, 1.1842658519744873, 1.1934616565704346, 1.2170313596725464, 1.7779737710952759, 1.7773796319961548, 1.7885266542434692, 1.7452746629714966, 1.6752265691757202, 1.648759126663208, 1.6290339231491089, 1.6124212741851807, 1.6006109714508057, 1.5896072387695312, 1.5810197591781616, 1.5738892555236816, 1.5669009685516357, 1.5628403425216675, 1.5587949752807617, 1.5553631782531738, 1.554032564163208, 1.55270254611969, 1.5523223876953125, 1.553708553314209, 1.555100679397583, 1.5582280158996582, 1.5626986026763916, 1.5672945976257324, 1.5756874084472656, 1.584197759628296, 1.5974712371826172, 1.6128995418548584, 1.6375457048416138, 1.7118321657180786], "PuntosY": [-1.144315481185913, -1.1239622831344604, -1.112345814704895, -0.9650606513023376, -0.9438660144805908, -0.9306701421737671, -0.9270902276039124, -0.5269923210144043, -0.5012866854667664, -0.4882659316062927, -0.4754113256931305, -0.4631931781768799, -0.4551568925380707, -0.4470577538013458, -0.43889427185058594, -0.4321272373199463, -0.4319177269935608, -0.6476082801818848, -0.6378706097602844, -0.6308323740959167, -0.37172985076904297, -0.35099706053733826, -0.3369084298610687, -0.32511427998542786, -0.3134293556213379, -0.3018498718738556, -0.293003648519516, -0.2843170464038849, -0.27553221583366394, -0.2698093056678772, -0.2340746968984604, -0.21823479235172272, -0.2037770003080368, 5.820766091346741e-09, 0.014619562774896622, 0.028779197484254837, 0.04265778511762619, 0.05630704015493393, 0.06988433003425598, 0.08330788463354111, 0.09669926017522812, 0.11005701869726181, 0.12331776320934296, 0.13673077523708344, 0.15009498596191406, 0.16347530484199524, 0.17705953121185303, 0.1906478852033615, 0.20436717569828033, 0.21835942566394806, 0.23241136968135834, 0.24679908156394958, 0.261506050825119, 0.2763563096523285, 0.2920364737510681, 0.3079368770122528, 0.32500913739204407, 0.3428325057029724, 0.36303529143333435, 0.3952074944972992]}
{"Iteracion": 2, "PuntosX": [1.4142121076583862, 1.4132863283157349, 1.4237096309661865, 1.5457277297973633, 1.5408823490142822, 1.5493745803833008, 1.573345422744751, 1.825443148612976, 1.326705813407898, 1.3082739114761353, 1.3079519271850586, 1.307632327079773, 1.3073148727416992, 1.3160467147827148, 1.329248070716858, 1.3425859212875366, 1.838322401046753, 1.8293405771255493, 1.8256747722625732, 1.83564031124115, 1.4122264385223389, 1.3949867486953735, 1.3888076543807983, 1.3885730504989624, 1.3883395195007324, 1.389431118965149, 1.404430627822876, 1.419873833656311, 1.7785557508468628, 1.7778265476226807, 1.788707971572876, 1.746131181716919, 1.6760481595993042, 1.649578332901001, 1.6298538446426392, 1.6132317781448364, 1.6014281511306763, 1.5904171466827393, 1.581838846206665, 1.5747045278549194, 1.5677276849746704, 1.563664436340332, 1.559616208076477, 1.556200623512268, 1.5548691749572754, 1.5535372495651245, 1.5531796216964722, 1.5545662641525269, 1.5559580326080322, 1.559116244316101, 1.5635896921157837, 1.5682287216186523, 1.576626181602478, 1.5851410627365112, 1.5984859466552734, 1.614042043685913, 1.6387022733688354], "PuntosY": [-1.1452062129974365, -1.1241785287857056, -1.1123237609863281, -0.9658776521682739, -0.9442539215087891, -0.9309580326080322, -0.9267709851264954, -0.7190609574317932, -0.5092746019363403, -0.4891436696052551, -0.47605565190315247, -0.46305686235427856, -0.4501444697380066, -0.44034287333488464, -0.43189874291419983, -0.4233156144618988, -0.5445359349250793, -0.5245550870895386, -0.5063045024871826, -0.49185827374458313, -0.3652265965938568, -0.3478092551231384, -0.33342310786247253, -0.3205772638320923, -0.30778753757476807, -0.29533272981643677, -0.2857345640659332, -0.2759956121444702, -0.23415136337280273, -0.21828962862491608, -0.20379754900932312, 4.810863174498081e-08, 0.01462672371417284, 0.028793388977646828, 0.04267920181155205, 0.05633533373475075, 0.06991995871067047, 0.08335032314062119, 0.09674937278032303, 0.11011403053998947, 0.12338273972272873, 0.13680297136306763, 0.150174081325531, 0.1635633260011673, 0.17715492844581604, 0.190750390291214, 0.20448006689548492, 0.21848008036613464, 0.23253938555717468, 0.2469397336244583, 0.26165518164634705, 0.2765210270881653, 0.29221051931381226, 0.3081201910972595, 0.32521557807922363, 0.34307533502578735, 0.36329159140586853]}
{"Iteracion": 3, "PuntosX": [1.4141967296600342, 1.4132860898971558, 1.4237180948257446, 1.5461784601211548, 1.5411510467529297, 1.5496032238006592, 1.573310375213623, 1.8257522583007812, 1.8155858516693115, 1.8102508783340454, 1.8200424909591675, 1.8298779726028442, 1.8535300493240356, 1.517198085784912, 1.5047569274902344, 1.492682695388794, 1.4950850009918213, 1.4974826574325562, 1.4998934268951416, 1.5160847902297974, 1.537798285484314, 1.8462285995483398, 1.8765017986297607, 1.6605310440063477, 1.6238853931427002, 1.6124628782272339, 1.6014347076416016, 1.603961706161499, 1.6065449714660645, 1.6091281175613403, 1.6307862997055054, 1.7432982921600342, 1.6759538650512695, 1.6494899988174438, 1.6299731731414795, 1.61335289478302, 1.6016736030578613, 1.5906639099121094, 1.5821776390075684, 1.5750434398651123, 1.568143367767334, 1.5640801191329956, 1.5600318908691406, 1.5566885471343994, 1.5553584098815918, 1.5540273189544678, 1.5537463426589966, 1.5551341772079468, 1.5565282106399536, 1.5597764253616333, 1.5642521381378174, 1.5690053701400757, 1.5774084329605103, 1.5859302282333374, 1.5994471311569214, 1.6152979135513306, 1.6399836540222168], "PuntosY": [-1.1451936960220337, -1.1241785287857056, -1.1123301982879639, -0.9661596417427063, -0.9444186687469482, -0.9310954213142395, -0.9267505407333374, -0.7191828489303589, -0.6969382166862488, -0.676825225353241, -0.6624412536621094, -0.6479935050010681, -0.6382214426994324, -0.5076474547386169, -0.48892515897750854, -0.4706409275531769, -0.45709332823753357, -0.44357460737228394, -0.4300875663757324, -0.42044755816459656, -0.41205188632011414, -0.47746723890304565, -0.4678645730018616, -0.39865827560424805, -0.3749034106731415, -0.3574744760990143, -0.340395450592041, -0.32632967829704285, -0.31228071451187134, -0.29823431372642517, -0.2875516414642334, -5.381298251450062e-08, 0.014625855721533298, 0.02879195846617222, 0.042682282626628876, 0.0563395619392395, 0.06993072479963303, 0.08336319029331207, 0.09677006304264069, 0.11013767868280411, 0.12341547012329102, 0.13683928549289703, 0.1502140313386917, 0.16361463069915771, 0.1772107481956482, 0.19081056118011475, 0.2045546919107437, 0.2185598909854889, 0.2326246201992035, 0.24704444408416748, 0.2617660164833069, 0.27665790915489197, 0.2923555076122284, 0.30827367305755615, 0.3254110813140869, 0.34334221482276917, 0.3635757267475128]}
{"Iteracion": 4,