{"TiempoSleep": 5, "MaxIteraciones": 5}
{"Iteracion": 1, "PuntosX": [1.4444386959075928, 1.4447202682495117, 1.455650806427002, 1.5725464820861816, 1.5715510845184326, 1.5815072059631348, 1.1822229623794556, 1.156859040260315, 1.153745412826538, 1.1506696939468384, 1.1502605676651, 1.1587141752243042, 1.167235255241394, 1.1758263111114502, 1.1938530206680298, 1.2264156341552734, 1.2334927320480347, 1.2063055038452148, 1.2036792039871216, 1.200933814048767, 1.198212742805481, 1.200110912322998, 1.2093112468719482, 1.2186163663864136, 1.228028416633606, 1.2772780656814575, 1.8034274578094482, 1.8011692762374878, 1.8106461763381958, 1.7541372776031494, 1.69795560836792, 1.6711262464523315, 1.6523524522781372, 1.6356745958328247, 1.6242769956588745, 1.613027572631836, 1.605000376701355, 1.597670555114746, 1.5912433862686157, 1.5870249271392822, 1.5828205347061157, 1.5800549983978271, 1.5786069631576538, 1.5771584510803223, 1.5776276588439941, 1.5789402723312378, 1.5802584886550903, 1.5845468044281006, 1.5889997482299805, 1.5952403545379639, 1.6036977767944336, 1.6139243841171265, 1.6283047199249268, 1.6486821174621582, 1.682497262954712, 1.1667641401290894, 1.143017053604126, 1.125537395477295, 1.121823787689209, 1.118114709854126, 1.1144098043441772, 1.1105796098709106, 1.114377498626709, 1.1196597814559937, 1.1250267028808594, 1.1304795742034912, 1.1673134565353394, 1.0236486196517944, 1.0065151453018188, 0.994439423084259, 0.9910091757774353, 0.9876194000244141, 0.9842260479927063, 0.9808269143104553, 0.9831658005714417, 0.9889291524887085, 0.9948124885559082, 1.0006288290023804], "PuntosY": [-1.1285189390182495, -1.1085727214813232, -1.0969114303588867, -0.94488126039505, -0.9257140159606934, -0.9130834937095642, -0.5140449404716492, -0.491057425737381, -0.47789716720581055, -0.4649007022380829, -0.4530996084213257, -0.4447886645793915, -0.43641138076782227, -0.42796576023101807, -0.4227655231952667, -0.4222886264324188, -0.3536984622478485, -0.33453798294067383, -0.3225248157978058, -0.31058254837989807, -0.2987479567527771, -0.2881210744380951, -0.27919143438339233, -0.2701607644557953, -0.2610255181789398, -0.2598649561405182, -0.2214328944683075, -0.2052171677350998, -0.1903066486120224, 0.01530823577195406, 0.029637983068823814, 0.04376015439629555, 0.05770140513777733, 0.07141531258821487, 0.08512484282255173, 0.09865696728229523, 0.1122325137257576, 0.12573935091495514, 0.13921578228473663, 0.15281330049037933, 0.1663612276315689, 0.18002453446388245, 0.1938285231590271, 0.20763695240020752, 0.22172121703624725, 0.23597416281700134, 0.25028836727142334, 0.26516225934028625, 0.2801835834980011, 0.29566052556037903, 0.31172728538513184, 0.32835662364959717, 0.34610694646835327, 0.3655041456222534, 0.38843512535095215, 0.3235723376274109, 0.327754944562912, 0.33339929580688477, 0.3429759740829468, 0.35254019498825073, 0.3620937466621399, 0.3715948462486267, 0.3837108612060547, 0.3964923620223999, 0.40947622060775757, 0.42266908288002014, 0.4480896592140198, 0.43451306223869324, 0.43764528632164, 0.44275301694869995, 0.4516288936138153, 0.46053454279899597, 0.46945175528526306, 0.4783811569213867, 0.490188330411911, 0.5038846731185913, 0.5178667306900024, 0.5320438146591187]}
{"Iteracion": 2, "PuntosX": [1.447809100151062, 1.4458073377609253, 1.4559102058410645, 1.575237512588501, 1.5726799964904785, 1.581923484802246, 1.3754767179489136, 1.3533753156661987, 1.3402448892593384, 1.3398082256317139, 1.3393744230270386, 1.3391120433807373, 1.3521589040756226, 1.3656748533248901, 1.3962069749832153, 1.4520206451416016, 1.4341989755630493, 1.4196326732635498, 1.4193744659423828, 1.4190279245376587, 1.4186830520629883, 1.4288687705993652, 1.4444772005081177, 1.8052865266799927, 1.8022507429122925, 1.8107715845108032, 1.7631266117095947, 1.7007739543914795, 1.6738699674606323, 1.6546344757080078, 1.6376819610595703, 1.6262590885162354, 1.6149849891662598, 1.6067808866500854, 1.599434733390808, 1.5928714275360107, 1.5886412858963013, 1.584425926208496, 1.581549048423767, 1.5800925493240356, 1.5786364078521729, 1.5790032148361206, 1.5803099870681763, 1.5816220045089722, 1.5858064889907837, 1.5902537107467651, 1.596374273300171, 1.6048260927200317, 1.6148892641067505, 1.629259467124939, 1.6493561267852783, 1.6824955940246582, 1.1682968139648438, 1.1444917917251587, 1.1268633604049683, 1.1231398582458496, 1.1194214820861816, 1.115707278251648, 1.111868143081665, 1.1156584024429321, 1.120938777923584, 1.1263021230697632, 1.1317520141601562, 1.1686151027679443, 1.0246715545654297, 1.0075064897537231, 0.995623767375946, 0.9921917915344238, 0.9887936115264893, 0.9853914976119995, 0.9819843769073486, 0.98451828956604, 0.9902790784835815, 0.9961596727371216, 1.0019580125808716], "PuntosY": [-1.1311523914337158, -1.10940682888031, -1.0971070528030396, -0.9464980363845825, -0.9263790249824524, -0.913323700428009, -0.5142698884010315, -0.4925883710384369, -0.474605530500412, -0.4613329768180847, -0.44814854860305786, -0.4351038932800293, -0.4263341426849365, -0.4175287187099457, -0.4135754704475403, -0.3620293438434601, -0.3443206548690796, -0.32774803042411804, -0.31466779112815857, -0.30162373185157776, -0.288634330034256, -0.2777440547943115, -0.26771804690361023, -0.2216612994670868, -0.20534054934978485, -0.1903199553489685, 0.015386600978672504, 0.02968708612024784, 0.04383179545402527, 0.057781096547842026, 0.07150273025035858, 0.08522860705852509, 0.09877657145261765, 0.11235694587230682, 0.12587815523147583, 0.13935822248458862, 0.15296873450279236, 0.16652989387512207, 0.18019473552703857, 0.1940109133720398, 0.20783139765262604, 0.2219143807888031, 0.23617886006832123, 0.25050416588783264, 0.26537299156188965, 0.28040456771850586, 0.2958705723285675, 0.3119465112686157, 0.32855284214019775, 0.3463098108768463, 0.36565351486206055, 0.38843458890914917, 0.3239973783493042, 0.328177809715271, 0.33379217982292175, 0.3433782458305359, 0.35295218229293823, 0.36251527070999146, 0.37202587723731995, 0.3841518461704254, 0.39694511890411377, 0.4099403917789459, 0.4231448173522949, 0.44858938455581665, 0.4349472224712372, 0.43807628750801086, 0.44328024983406067, 0.45216789841651917, 0.46108195185661316, 0.47000762820243835, 0.4789457321166992, 0.4908626079559326, 0.5045724511146545, 0.5185679793357849, 0.5327504873275757]}
{"Iteracion": 3, "PuntosX": [1.4518368244171143, 1.446791410446167, 1.456199049949646, 1.4789472818374634, 1.5782288312911987, 1.573798656463623, 1.5825303792953491, 1.5839754343032837, 1.545945405960083, 1.5333161354064941, 1.526669979095459, 1.5289925336837769, 1.5313098430633545, 1.5369272232055664, 1.5588126182556152, 1.6611789464950562, 1.6493645906448364, 1.6377602815628052, 1.6347720623016357, 1.637276291847229, 1.6397801637649536, 1.6535454988479614, 1.6805943250656128, 1.8067833185195923, 1.803422451019287, 1.8114959001541138, 1.7666164636611938, 1.7025891542434692, 1.675644040107727, 1.6562882661819458, 1.6393096446990967, 1.627828598022461, 1.6165392398834229, 1.6082998514175415, 1.6009430885314941, 1.5943596363067627, 1.5901219844818115, 1.585900068283081, 1.5830141305923462, 1.5815540552139282, 1.5800933837890625, 1.5804619789123535, 1.5817673206329346, 1.5830780267715454, 1.5872745513916016, 1.5917224884033203, 1.5978671312332153, 1.6063227653503418, 1.6164295673370361, 1.630806803703308, 1.6509915590286255, 1.6843414306640625, 1.16911780834198, 1.1452858448028564, 1.128180742263794, 1.1244511604309082, 1.120726466178894, 1.1170063018798828, 1.1131471395492554, 1.117258906364441, 1.1225435733795166, 1.12791109085083, 1.1333650350570679, 1.1714922189712524, 1.0425612926483154, 1.0252436399459839, 1.0080633163452148, 0.9968342185020447, 0.9934180378913879, 0.990013837814331, 0.9866054058074951, 0.9831926226615906, 0.9862445592880249, 0.992011308670044, 0.9978983402252197, 1.0057616233825684],