{"TiempoSleep": 5, "MaxIteraciones": 5}
{"Iteracion": 1, "PuntosX": [1.4140466451644897, 1.4131927490234375, 1.4236469268798828, 1.5459184646606445, 1.540888786315918, 1.5493370294570923, 1.5730096101760864, 1.158958077430725, 1.1268483400344849, 1.1238720417022705, 1.1209335327148438, 1.1188689470291138, 1.1271785497665405, 1.1355520486831665, 1.1439927816390991, 1.1559265851974487, 1.1868352890014648, 1.2173091173171997, 1.1863425970077515, 1.175818681716919, 1.173201322555542, 1.1706085205078125, 1.1680394411087036, 1.1758878231048584, 1.1849853992462158, 1.1941856145858765, 1.2173022031784058, 1.7785439491271973, 1.777823567390442, 1.7887229919433594, 1.7458775043487549, 1.6760894060134888, 1.6496188640594482, 1.629917860031128, 1.6132951974868774, 1.6015045642852783, 1.590494990348816, 1.5819264650344849, 1.5747913122177124, 1.567823052406311, 1.5637599229812622, 1.5597116947174072, 1.5563048124313354, 1.5549732446670532, 1.5536421537399292, 1.5532937049865723, 1.5546804666519165, 1.5560729503631592, 1.559242844581604, 1.5637155771255493, 1.5683706998825073, 1.576768398284912, 1.5852842330932617, 1.5986524820327759, 1.6142479181289673, 1.6389118432998657, 1.1374313831329346, 1.1146759986877441, 1.1010487079620361, 1.0974907875061035, 1.093936800956726, 1.090386152267456, 1.0866633653640747, 1.091118574142456, 1.096426248550415, 1.1018195152282715, 1.1073007583618164, 1.1453452110290527, 1.003515362739563, 0.9869343042373657, 0.9722580313682556, 0.9688603281974792, 0.9656124114990234, 0.9623603224754333, 0.9591026902198792, 0.9584230184555054, 0.964198887348175, 0.9700974225997925, 0.9761232137680054], "PuntosY": [-1.145072102546692, -1.1241040229797363, -1.1122747659683228, -0.965997040271759, -0.944257915019989, -0.9309353828430176, -0.9265733361244202, -0.5281676054000854, -0.5017052888870239, -0.48867344856262207, -0.4758080542087555, -0.46345072984695435, -0.4554096460342407, -0.4473056495189667, -0.43913766741752625, -0.43218332529067993, -0.4319726824760437, -0.37216877937316895, -0.35141077637672424, -0.3371606469154358, -0.3253573775291443, -0.31366363167762756, -0.3020756244659424, -0.29318171739578247, -0.2844897508621216, -0.2756994366645813, -0.26986944675445557, -0.23414984345436096, -0.21828921139240265, -0.20379909873008728, 4.96511347591877e-08, 0.01462713722139597, 0.028794292360544205, 0.04268097132444382, 0.05633765831589699, 0.0699232965707779, 0.0833544060587883, 0.09675481170415878, 0.11012007296085358, 0.12339037656784058, 0.13681136071681976, 0.15018317103385925, 0.16357432305812836, 0.17716674506664276, 0.1907632052898407, 0.2044951617717743, 0.21849608421325684, 0.23255658149719238, 0.2469598948955536, 0.26167628169059753, 0.27654609084129333, 0.292236864566803, 0.3081481158733368, 0.32524949312210083, 0.3431191146373749, 0.3633381128311157, 0.3154376149177551, 0.31962838768959045, 0.32614555954933167, 0.3355366289615631, 0.344916969537735, 0.3542880117893219, 0.36359262466430664, 0.3757023215293884, 0.38826483488082886, 0.401029497385025, 0.414002925157547, 0.4396568238735199, 0.4259670078754425, 0.42913132905960083, 0.4328773021697998, 0.44153517484664917, 0.45027250051498413, 0.4590224027633667, 0.46778571605682373, 0.4778519570827484, 0.49128398299217224, 0.5050007700920105, 0.5190139412879944]}
{"Iteracion": 2, "PuntosX": [1.41475248336792, 1.4134992361068726, 1.423772931098938, 1.4504737854003906, 1.5465137958526611, 1.5412238836288452, 1.5496132373809814, 1.5729013681411743, 1.327613353729248, 1.3089938163757324, 1.3086727857589722, 1.308354139328003, 1.3080369234085083, 1.31668221950531, 1.3298906087875366, 1.343235969543457, 1.4129972457885742, 1.3957499265670776, 1.3895444869995117, 1.389310359954834, 1.3890774250030518, 1.3901615142822266, 1.4051626920700073, 1.4206156730651855, 1.7789076566696167, 1.7781399488449097, 1.7889522314071655, 1.7453422546386719, 1.6765731573104858, 1.6500972509384155, 1.6304737329483032, 1.6138466596603394, 1.6021068096160889, 1.5910929441452026, 1.582564115524292, 1.5754268169403076, 1.5684945583343506, 1.5644303560256958, 1.5603806972503662, 1.5570101737976074, 1.555678367614746, 1.5543469190597534, 1.5540406703948975, 1.5554286241531372, 1.556822657585144, 1.560044527053833, 1.5645203590393066, 1.5692440271377563, 1.5776480436325073, 1.5861692428588867, 1.5996462106704712, 1.615431547164917, 1.640116572380066, 1.1374651193618774, 1.1147106885910034, 1.1015993356704712, 1.0980398654937744, 1.094484567642212, 1.0909326076507568, 1.087195634841919, 1.091935396194458, 1.0972473621368408, 1.1026455163955688, 1.1081314086914062, 1.1473156213760376, 1.0035556554794312, 0.9869751930236816, 0.9727744460105896, 0.9693903923034668, 0.9661409854888916, 0.9628872275352478, 0.959628164768219, 0.9593148827552795, 0.9650970697402954, 0.9710018634796143, 0.9770335555076599], "PuntosY": [-1.1456440687179565, -1.1243482828140259, -1.1123733520507812, -1.1129876375198364, -0.9663691520690918, -0.9444634914398193, -0.9311015605926514, -0.9265096783638, -0.5096229910850525, -0.48941272497177124, -0.4763178527355194, -0.4633125066757202, -0.45039305090904236, -0.4405556917190552, -0.4321076571941376, -0.4235207140445709, -0.36542606353759766, -0.34799960255622864, -0.33360007405281067, -0.3207475543022156, -0.3079512119293213, -0.2954879403114319, -0.2858835756778717, -0.2761397659778595, -0.2341976761817932, -0.2183281034231186, -0.20382539927959442, -5.3551048040390015e-08, 0.014631311409175396, 0.028802551329135895, 0.04269549250602722, 0.056356824934482574, 0.06994955241680145, 0.08338566869497299, 0.09679372608661652, 0.11016454547643661, 0.12344308942556381, 0.13686992228031158, 0.15024767816066742, 0.16364836692810059, 0.17724712193012238, 0.19084970653057098, 0.2045934498310089, 0.21860118210315704, 0.2326686829328537, 0.24708689749240875, 0.2618107795715332, 0.27670004963874817, 0.29239988327026367, 0.3083201050758362, 0.32545167207717896, 0.343370646238327, 0.36360517144203186, 0.3154468834400177, 0.3196382224559784, 0.3263085186481476, 0.33570441603660583, 0.34508970379829407, 0.354465514421463, 0.36377063393592834, 0.3759835362434387, 0.388555645942688, 0.4013301134109497, 0.4143134355545044, 0.4404132068157196, 0.4259840250015259, 0.42914897203445435, 0.4331071376800537, 0.4417766332626343, 0.45051896572113037, 0.45927372574806213, 0.4680419862270355, 0.4782966673374176, 0.4917415380477905, 0.5054715871810913, 0.5194979310035706]}
{"Iteracion": 3, "PuntosX": [1.4152743816375732, 1.4137142896652222, 1.4238539934158325, 1.4495362043380737, 1.5470900535583496, 1.541587471961975, 1.5499296188354492, 1.5729156732559204, 1.5181490182876587, 1.505699872970581, 1.4935221672058105, 1.4958702325820923, 1.4982692003250122, 1.5006765127182007, 1.5167137384414673, 1.538437008857727, 1.6618551015853882, 1.6247605085372925, 1.613331913948059, 1.6022955179214478, 1.6047641038894653, 1.6073485612869263, 1.60993230342865, 1.6315230131149292, 1.779035210609436, 1.7783764600753784, 1.7894169092178345, 1.7435206174850464, 1.676785945892334, 1.650313377380371, 1.630843162536621, 1.6142157316207886, 1.6025696992874146, 1.5915545225143433, 1.5830965042114258, 1.5759581327438354, 1.5690861940383911, 1.5650217533111572, 1.5609720945358276, 1.557660460472107, 1.556329607963562, 1.5549980401992798, 1.5547553300857544, 1.556145191192627, 1.5575412511825562, 1.560839056968689, 1.565319299697876, 1.5701414346694946, 1.5785517692565918, 1.5870802402496338, 1.6007094383239746, 1.6167560815811157, 1.6414685249328613, 1.1373172998428345, 1.1145706176757812, 1.1020790338516235, 1.098518967628479, 1.0949630737304688, 1.0914101600646973, 1.0876996517181396, 1.092718482017517, 1.0980364084243774, 1.1034396886825562, 1.1089316606521606, 1.1494417190551758, 1.0034855604171753, 0.986907958984375, 0.9732255935668945, 0.9698546528816223, 0.9666042327880859, 0.9633498191833496, 0.9600902795791626, 0.9601680636405945, 0.9659575819969177, 0.9718696475028992, 0.977889895439148],