{"TiempoSleep": 5, "MaxIteraciones": 5}
{"Iteracion": 1, "PuntosX": [1.4194778203964233, 1.4254393577575684, 1.4402822256088257, 1.548425316810608, 1.5518897771835327, 1.5649737119674683, 1.139372706413269, 1.1328983306884766, 1.1299030780792236, 1.1269450187683105, 1.1302094459533691, 1.13857901096344, 1.1470142602920532, 1.1554888486862183, 1.17876136302948, 1.2107359170913696, 1.2074801921844482, 1.1840262413024902, 1.1814366579055786, 1.178796648979187, 1.1761807203292847, 1.1789194345474243, 1.1880077123641968, 1.1971980333328247, 1.2064937353134155, 1.2545692920684814, 1.7878471612930298, 1.7830251455307007, 1.7893577814102173, 1.6955344676971436, 1.6628259420394897, 1.640313982963562, 1.623518943786621, 1.6101126670837402, 1.5989980697631836, 1.5893133878707886, 1.5821114778518677, 1.5749651193618774, 1.5701568126678467, 1.5660629272460938, 1.561983585357666, 1.5605432987213135, 1.5591787099838257, 1.5581194162368774, 1.559480905532837, 1.5608482360839844, 1.5632647275924683, 1.5677143335342407, 1.572202444076538, 1.5798330307006836, 1.5883190631866455, 1.6004117727279663, 1.6148431301116943, 1.638386845588684, 1.6798614263534546, 1.146018624305725, 1.122979998588562, 1.1070529222488403, 1.1034539937973022, 1.0998594760894775, 1.096268653869629, 1.092557430267334, 1.0961982011795044, 1.1014913320541382, 1.1068695783615112, 1.1123350858688354, 1.1475080251693726, 1.0094070434570312, 0.992668092250824, 0.9776975512504578, 0.9742693305015564, 0.9709843397140503, 0.967694878578186, 0.9644004702568054, 0.9638157486915588, 0.9695786833763123, 0.9754629731178284, 0.9814736843109131], "PuntosY": [-1.129103660583496, -1.1136753559112549, -1.105167269706726, -0.9488763213157654, -0.9324693083763123, -0.9218399524688721, -0.5072815418243408, -0.4925983250141144, -0.47961536049842834, -0.46679598093032837, -0.45663416385650635, -0.4484981298446655, -0.440297394990921, -0.43201959133148193, -0.42903396487236023, -0.42874401807785034, -0.3576720356941223, -0.3395140469074249, -0.3276413083076477, -0.3158576190471649, -0.3041810095310211, -0.2939375936985016, -0.2852153480052948, -0.2763948142528534, -0.2674733102321625, -0.26666706800460815, -0.23537461459636688, -0.21892784535884857, -0.2038714438676834, 0.014796909876167774, 0.02902481146156788, 0.04295326769351959, 0.05669460818171501, 0.07029920816421509, 0.08380004018545151, 0.09720658510923386, 0.11063195765018463, 0.12395243346691132, 0.13737086951732635, 0.15079481899738312, 0.16417112946510315, 0.1778014451265335, 0.19144313037395477, 0.20513053238391876, 0.21917086839675903, 0.23327040672302246, 0.2475968897342682, 0.26234543323516846, 0.27722182869911194, 0.2928049862384796, 0.3087380826473236, 0.3256075382232666, 0.3432457149028778, 0.3632217347621918, 0.3878266215324402, 0.317819207906723, 0.32200953364372253, 0.32792413234710693, 0.33735978603363037, 0.34678441286087036, 0.35619935393333435, 0.36556482315063477, 0.3774513304233551, 0.3900585472583771, 0.4028676748275757, 0.41588518023490906, 0.44048717617988586, 0.42846789956092834, 0.43162450194358826, 0.4352990984916687, 0.44400012493133545, 0.45277753472328186, 0.46156686544418335, 0.4703695774078369, 0.48054084181785583, 0.4940251410007477, 0.5077940225601196, 0.521858811378479]}
