{"TiempoSleep": 5, "MaxIteraciones": 5}
{"Iteracion": 1, "PuntosX": [1.4144868850708008, 1.4235979318618774, 1.4441287517547607, 1.5422629117965698, 1.5490875244140625, 1.5672615766525269, 1.1701476573944092, 1.128451943397522, 1.125456690788269, 1.1225003004074097, 1.1197267770767212, 1.126813292503357, 1.1351728439331055, 1.1435977220535278, 1.1523537635803223, 1.1827255487442017, 1.2234220504760742, 1.1921842098236084, 1.177148699760437, 1.1745165586471558, 1.1719082593917847, 1.1693240404129028, 1.1753349304199219, 1.1844133138656616, 1.1935945749282837, 1.2103996276855469, 1.7802224159240723, 1.7781790494918823, 1.7875474691390991, 1.6826159954071045, 1.653067946434021, 1.6319553852081299, 1.61528742313385, 1.6026623249053955, 1.591627597808838, 1.5824629068374634, 1.5753133296966553, 1.5682189464569092, 1.5637842416763306, 1.5597251653671265, 1.5558781623840332, 1.5545361042022705, 1.5531949996948242, 1.5524022579193115, 1.5537769794464111, 1.5551581382751465, 1.5578279495239258, 1.5622844696044922, 1.5667786598205566, 1.5746831893920898, 1.583170771598816, 1.5956172943115234, 1.6100512742996216, 1.6341861486434937, 1.6821106672286987, 1.1406794786453247, 1.1178125143051147, 1.1017855405807495, 1.09821617603302, 1.0946509838104248, 1.0910893678665161, 1.0874212980270386, 1.0907551050186157, 1.0960444211959839, 1.101418375968933, 1.1068799495697021, 1.1405025720596313, 1.0056729316711426, 0.989031195640564, 0.9728904366493225, 0.9694507718086243, 0.9661930799484253, 0.9629305005073547, 0.9596627354621887, 0.9579866528511047, 0.9637408256530762, 0.9696160554885864, 0.9756184220314026], "PuntosY": [-1.1251338720321655, -1.1122363805770874, -1.108119010925293, -0.9451000094413757, -0.9307857155799866, -0.9231873154640198, -0.533267080783844, -0.5024192929267883, -0.4893624484539032, -0.476472944021225, -0.46380606293678284, -0.45526209473609924, -0.4471563994884491, -0.43898600339889526, -0.4308475852012634, -0.43047699332237244, -0.37403765320777893, -0.3531409502029419, -0.3375420868396759, -0.3257221579551697, -0.31401196122169495, -0.302407830953598, -0.293043851852417, -0.28435254096984863, -0.27556294202804565, -0.2683391571044922, -0.23437091708183289, -0.218332901597023, -0.20366518199443817, 0.014683988876640797, 0.028854407370090485, 0.042734257876873016, 0.05640711262822151, 0.0699739009141922, 0.08341372013092041, 0.09678751230239868, 0.11015649884939194, 0.12342139333486557, 0.13681355118751526, 0.15018457174301147, 0.1635294258594513, 0.17711696028709412, 0.19070835411548615, 0.2043776959180832, 0.21836915612220764, 0.2324199229478836, 0.24673569202423096, 0.2614367604255676, 0.27626529335975647, 0.29185035824775696, 0.30773720145225525, 0.3246319890022278, 0.34222695231437683, 0.3622904419898987, 0.3883458375930786, 0.316338449716568, 0.3205277621746063, 0.32636383175849915, 0.33575835824012756, 0.3451421856880188, 0.3545164465904236, 0.36384621262550354, 0.3755769729614258, 0.38812971115112305, 0.40088340640068054, 0.41384556889533997, 0.4377979040145874, 0.426882803440094, 0.4300430417060852, 0.43315884470939636, 0.4418042004108429, 0.45054325461387634, 0.45929425954818726, 0.46805882453918457, 0.4776344299316406, 0.4910506308078766, 0.5047502517700195, 0.5187454223632812]}
{"Iteracion": 2, "PuntosX": [1.4156378507614136, 1.4240885972976685, 1.4428430795669556, 1.543505072593689, 1.5498515367507935, 1.5670238733291626, 1.3343486785888672, 1.3129231929779053, 1.3108429908752441, 1.3105090856552124, 1.3101766109466553, 1.3160017728805542, 1.32918119430542, 1.3425514698028564, 1.418384075164795, 1.4010210037231445, 1.3914891481399536, 1.3912403583526611, 1.3909931182861328, 1.3907465934753418, 1.4041560888290405, 1.4195680618286133, 1.7820582389831543, 1.7795218229293823, 1.788339376449585, 1.6847325563430786, 1.6549161672592163, 1.6336866617202759, 1.6169979572296143, 1.6043130159378052, 1.5932645797729492, 1.5840659141540527, 1.5769073963165283, 1.5698047876358032, 1.5653530359268188, 1.5612887144088745, 1.5574344396591187, 1.5560905933380127, 1.5547457933425903, 1.5539573431015015, 1.5553321838378906, 1.5567131042480469, 1.5593982934951782, 1.5638574361801147, 1.5683555603027344, 1.5762927532196045, 1.5847859382629395, 1.5972923040390015, 1.6117374897003174, 1.635990858078003, 1.6859729290008545, 1.1415812969207764, 1.1186922788619995, 1.1032400131225586, 1.0996648073196411, 1.096094012260437, 1.0925264358520508, 1.0888383388519287, 1.0925325155258179, 1.0978286266326904, 1.1032092571258545, 1.1086785793304443, 1.1437954902648926, 1.0063356161117554, 0.9896814823150635, 0.9742447733879089, 0.9708232879638672, 0.9675599932670593, 0.9642923474311829, 0.9610193371772766, 0.9599160552024841, 0.9656796455383301, 0.9715649485588074, 0.9775771498680115], "PuntosY": [-1.1260491609573364, -1.1126199960708618, -1.1071324348449707, -0.9458613395690918, -0.9312445521354675, -0.9230473041534424, -0.5122084021568298, -0.4908820390701294, -0.4771077632904053, -0.4640754461288452, -0.45112985372543335, -0.4403280019760132, -0.4318772554397583, -0.4233047068119049, -0.3668191134929657, -0.34931373596191406, -0.33406704664230347, -0.3211930990219116, -0.3083758056163788, -0.2956124544143677, -0.28567877411842346, -0.27593615651130676, -0.23461247980594635, -0.21849770843982697, -0.20375554263591766, 0.01470258366316557, 0.028886688873171806, 0.04277956113219261, 0.05646689608693123, 0.07004585862159729, 0.08349946141242981, 0.096885547041893, 0.11026797443628311, 0.12354616075754166, 0.13695064187049866, 0.15033507347106934, 0.16369298100471497, 0.1772940307855606, 0.19089868664741516, 0.20458237826824188, 0.2185876965522766, 0.23265230655670166, 0.24698440730571747, 0.2616998553276062, 0.2765432894229889, 0.2921486794948578, 0.30805113911628723, 0.3249727785587311, 0.3425854444503784, 0.36269044876098633, 0.3892373740673065, 0.31658852100372314, 0.32077986001968384, 0.3267945349216461, 0.3362012505531311, 0.3455970883369446, 0.3549834191799164, 0.3643202781677246, 0.3761889636516571, 0.38876140117645264, 0.401535302400589, 0.41451799869537354, 0.43906185030937195, 0.42716410756111145, 0.4303256869316101, 0.43376171588897705, 0.44242966175079346, 0.4511806070804596, 0.4599439203739166, 0.46872037649154663, 0.47859641909599304, 0.492038369178772, 0.5057647228240967, 0.5197869539260864]}
{"Iteracion": 3, "PuntosX": [1.4168856143951416, 1.4243601560592651, 1.4413484334945679, 1.5448800325393677, 1.5502393245697021, 1.5656907558441162, 1.5249621868133545, 1.5123993158340454, 1.500111699104309, 1.498300313949585, 1.5006808042526245, 1.5030571222305298, 1.5137559175491333, 1.5353717803955078, 1.6307954788208008, 1.6192759275436401, 1.607961654663086, 1.6069178581237793, 1.6094826459884644, 1.612046718597412, 1.627543568611145, 1.6542009115219116, 1.7840774059295654, 1.7807520627975464, 1.7884573936462402, 1.6886392831802368, 1.6576987504959106, 1.6359684467315674, 1.6192409992218018, 1.6062724590301514, 1.5952014923095703, 1.585809588432312, 1.5786356925964355, 1.5715177059173584, 1.5669224262237549, 1.5628468990325928, 1.5588690042495728, 1.5575181245803833, 1.556166410446167, 1.555263638496399, 1.5566329956054688, 1.5580087900161743, 1.5605772733688354, 1.5650324821472168, 1.569525122642517, 1.5773258209228516, 1.5858147144317627, 1.5981330871582031, 1.612568736076355, 1.6364942789077759, 1.6806455850601196, 1.1432132720947266, 1.120267629623413, 1.1044764518737793, 1.100893259048462, 1.0973137617111206, 1.0937381982803345, 1.0900442600250244, 1.093624234199524, 1.0989183187484741, 1.104296326637268, 1.1097623109817505, 1.1445404291152954, 1.0074620246887207, 0.990776002407074, 0.9753549098968506, 0.9719250798225403, 0.9686540365219116, 0.9653787016868591, 0.9620981812477112, 0.9610667824745178, 0.9668278694152832, 0.9727109670639038, 0.9787200093269348],